bin_group_0.jpg,512,512,group,1,7,508,508
bin_group_1.jpg,512,512,stationary,2,5,148,507
bin_group_1.jpg,512,512,stationary,139,7,260,499
bin_group_1.jpg,512,512,stationary,256,7,390,492
bin_group_1.jpg,512,512,stationary,360,7,506,482
bin_group_10.jpg,512,512,group,37,126,498,394
bin_group_11.jpg,512,512,group,66,67,463,477
bin_group_12.jpg,512,512,group,35,34,478,502
bin_group_13.jpg,512,512,group,20,74,503,471
bin_group_14.jpg,512,512,group,72,63,441,489
bin_group_15.jpg,512,512,group,265,181,453,445
bin_group_16.jpg,512,512,group,49,150,469,406
bin_group_17.jpg,512,512,group,83,195,427,457
bin_group_18.jpg,512,512,group,25,71,512,494
bin_group_19.jpg,512,512,group,72,135,421,429
bin_group_2.jpg,512,512,group,75,167,394,434
bin_group_20.jpg,512,512,group,1,206,446,449
bin_group_21.jpg,512,512,group,171,52,442,409
bin_group_22.jpg,512,512,group,13,133,512,403
bin_group_23.jpg,512,512,group,1,151,512,407
bin_group_24.jpg,512,512,group,57,160,432,476
bin_group_25.jpg,512,512,group,19,22,512,492
bin_group_26.jpg,512,512,group,73,171,447,484
bin_group_27.jpg,512,512,group,43,207,512,469
bin_group_28.jpg,512,512,group,13,208,512,473
bin_group_29.jpg,512,512,group,1,209,418,478
bin_group_3.jpg,512,512,group,1,15,512,512
bin_group_30.jpg,512,512,group,8,180,480,512
bin_group_31.jpg,512,512,group,1,30,511,464
bin_group_32.jpg,512,512,group,42,190,436,384
bin_group_33.jpg,512,512,group,6,84,352,448
bin_group_34.jpg,512,512,group,111,118,365,462
bin_group_35.jpg,512,512,group,110,142,415,429
bin_group_36.jpg,512,512,group,115,139,422,425
bin_group_37.jpg,512,512,group,156,162,455,410
bin_group_38.jpg,512,512,group,116,137,426,416
bin_group_39.jpg,512,512,group,116,98,414,476
bin_group_4.jpg,512,512,stationary,1,147,156,363
bin_group_4.jpg,512,512,stationary,131,146,255,364
bin_group_4.jpg,512,512,stationary,257,146,380,365
bin_group_4.jpg,512,512,stationary,352,146,512,362
bin_group_40.jpg,512,512,group,68,128,472,498
bin_group_41.jpg,512,512,group,13,146,301,435
bin_group_42.jpg,512,512,group,57,66,462,414
bin_group_43.jpg,512,512,group,116,96,413,474
bin_group_44.jpg,512,512,group,29,92,480,423
bin_group_45.jpg,512,512,group,7,118,499,374
bin_group_46.jpg,512,512,group,56,109,456,368
bin_group_47.jpg,512,512,group,69,112,442,390
bin_group_48.jpg,512,512,group,38,26,486,503
bin_group_49.jpg,512,512,group,42,99,459,466
bin_group_5.jpg,512,512,group,65,137,466,412
bin_group_50.jpg,512,512,group,8,122,505,401
bin_group_51.jpg,512,512,group,110,179,394,434
bin_group_52.jpg,512,512,group,97,52,393,510
bin_group_53.jpg,512,512,group,211,275,360,430
bin_group_54.jpg,512,512,group,38,67,473,446
bin_group_55.jpg,512,512,group,22,81,255,502
bin_group_55.jpg,512,512,group,275,76,510,512
bin_group_56.jpg,512,512,group,117,25,399,506
bin_group_57.jpg,512,512,group,1,79,508,434
bin_group_58.jpg,512,512,group,79,32,426,436
bin_group_59.jpg,512,512,group,74,85,449,446
bin_group_6.jpg,512,512,group,70,9,512,512
bin_group_60.jpg,512,512,group,176,149,492,429
bin_group_61.jpg,512,512,group,66,12,447,497
bin_group_62.jpg,512,512,group,24,19,480,494
bin_group_63.jpg,512,512,group,22,22,493,506
bin_group_64.jpg,512,512,group,47,29,463,492
bin_group_65.jpg,512,512,group,19,112,497,370
bin_group_66.jpg,512,512,group,37,81,472,428
bin_group_67.jpg,512,512,group,12,112,493,385
bin_group_68.jpg,512,512,group,70,30,233,140
bin_group_68.jpg,512,512,group,251,29,365,135
bin_group_68.jpg,512,512,group,376,27,497,135
bin_group_68.jpg,512,512,group,24,308,273,503
bin_group_68.jpg,512,512,group,283,292,399,429
bin_group_68.jpg,512,512,group,403,286,500,399
bin_group_69.jpg,512,512,group,118,40,444,261
bin_group_69.jpg,512,512,group,47,324,224,458
bin_group_7.jpg,512,512,group,1,61,478,512
bin_group_70.jpg,512,512,group,106,177,397,436
bin_group_71.jpg,512,512,group,71,86,429,414
bin_group_72.jpg,512,512,group,65,236,229,378
bin_group_73.jpg,512,512,group,73,60,426,432
bin_group_74.jpg,512,512,group,66,111,264,351
bin_group_74.jpg,512,512,group,284,120,483,418
bin_group_75.jpg,512,512,group,112,55,339,335
bin_group_76.jpg,512,512,group,51,123,385,435
bin_group_77.jpg,512,512,group,210,228,317,371
bin_group_78.jpg,512,512,group,72,172,361,476
bin_group_78.jpg,512,512,group,358,172,493,455
bin_group_79.jpg,512,512,group,70,21,420,512
bin_group_8.jpg,512,512,stationary,1,138,149,371
bin_group_8.jpg,512,512,stationary,135,138,263,373
bin_group_8.jpg,512,512,stationary,255,139,387,367
bin_group_8.jpg,512,512,stationary,361,139,511,366
bin_group_80.jpg,512,512,group,101,143,392,443
bin_group_81.jpg,512,512,group,66,132,463,423
bin_group_82.jpg,512,512,group,271,134,486,463
bin_group_9.jpg,512,512,group,9,151,500,359
bin_mobile_0.jpg,512,512,mobile,62,15,466,500
bin_mobile_1.jpg,512,512,mobile,129,66,376,452
bin_mobile_10.jpg,512,512,mobile,161,58,392,506
bin_mobile_10.jpg,512,512,mobile,76,105,187,457
bin_mobile_11.jpg,512,512,mobile,144,32,402,482
bin_mobile_12.jpg,512,512,mobile,91,80,417,426
bin_mobile_13.jpg,512,512,mobile,82,10,368,476
bin_mobile_13.jpg,512,512,mobile,1,11,117,314
bin_mobile_14.jpg,512,512,mobile,87,21,420,497
bin_mobile_15.jpg,512,512,mobile,4,35,242,479
bin_mobile_15.jpg,512,512,mobile,229,30,493,486
bin_mobile_16.jpg,512,512,mobile,92,257,179,481
bin_mobile_16.jpg,512,512,mobile,180,256,252,480
bin_mobile_16.jpg,512,512,mobile,253,259,341,487
bin_mobile_16.jpg,512,512,mobile,331,258,427,487
bin_mobile_17.jpg,512,512,mobile,103,12,406,500
bin_mobile_18.jpg,512,512,mobile,74,171,188,396
bin_mobile_18.jpg,512,512,mobile,199,130,302,386
bin_mobile_18.jpg,512,512,mobile,308,167,397,389
bin_mobile_19.jpg,512,512,mobile,7,74,152,435
bin_mobile_19.jpg,512,512,mobile,151,95,270,428
bin_mobile_19.jpg,512,512,mobile,272,80,398,427
bin_mobile_2.jpg,512,512,mobile,33,115,137,422
bin_mobile_2.jpg,512,512,mobile,136,138,218,396
bin_mobile_2.jpg,512,512,mobile,217,158,282,371
bin_mobile_2.jpg,512,512,mobile,296,130,374,346
bin_mobile_20.jpg,512,512,mobile,32,163,190,512
bin_mobile_20.jpg,512,512,mobile,166,53,316,512
bin_mobile_20.jpg,512,512,mobile,310,1,470,512
bin_mobile_21.jpg,512,512,mobile,102,20,422,497
bin_mobile_22.jpg,512,512,mobile,54,130,252,447
bin_mobile_22.jpg,512,512,mobile,277,136,486,453
bin_mobile_23.jpg,512,512,mobile,23,58,412,503
bin_mobile_24.jpg,512,512,mobile,106,48,402,464
bin_mobile_25.jpg,512,512,mobile,1,35,248,484
bin_mobile_25.jpg,512,512,mobile,228,28,490,482
bin_mobile_26.jpg,512,512,mobile,19,35,186,472
bin_mobile_26.jpg,512,512,mobile,183,38,333,476
bin_mobile_26.jpg,512,512,mobile,328,40,489,480
bin_mobile_27.jpg,512,512,mobile,14,16,486,491
bin_mobile_28.jpg,512,512,mobile,3,5,187,501
bin_mobile_28.jpg,512,512,mobile,171,3,328,508
bin_mobile_28.jpg,512,512,mobile,329,1,512,512
bin_mobile_29.jpg,512,512,mobile,139,50,370,512
bin_mobile_3.jpg,512,512,mobile,34,31,512,485
bin_mobile_30.jpg,512,512,mobile,83,154,203,451
bin_mobile_30.jpg,512,512,mobile,197,195,315,462
bin_mobile_30.jpg,512,512,mobile,306,223,406,457
bin_mobile_31.jpg,512,512,mobile,157,221,229,442
bin_mobile_31.jpg,512,512,mobile,319,215,389,432
bin_mobile_32.jpg,512,512,mobile,118,320,198,512
bin_mobile_32.jpg,512,512,mobile,215,318,287,512
bin_mobile_32.jpg,512,512,mobile,304,317,381,512
bin_mobile_33.jpg,512,512,mobile,2,134,152,411
bin_mobile_33.jpg,512,512,mobile,130,135,255,413
bin_mobile_33.jpg,512,512,mobile,257,135,388,411
bin_mobile_33.jpg,512,512,mobile,368,132,512,416
bin_mobile_34.jpg,512,512,mobile,4,3,260,408
bin_mobile_34.jpg,512,512,mobile,254,107,510,509
bin_mobile_35.jpg,512,512,mobile,9,146,116,399
bin_mobile_35.jpg,512,512,mobile,104,146,208,396
bin_mobile_35.jpg,512,512,mobile,218,147,309,395
bin_mobile_35.jpg,512,512,mobile,311,149,410,396
bin_mobile_35.jpg,512,512,mobile,406,146,512,384
bin_mobile_36.jpg,512,512,mobile,10,43,117,469
bin_mobile_36.jpg,512,512,mobile,107,44,206,471
bin_mobile_36.jpg,512,512,mobile,213,50,306,470
bin_mobile_36.jpg,512,512,mobile,301,50,405,471
bin_mobile_36.jpg,512,512,mobile,392,47,504,465
bin_mobile_4.jpg,512,512,mobile,61,17,265,341
bin_mobile_4.jpg,512,512,mobile,226,89,429,462
bin_mobile_5.jpg,512,512,mobile,117,17,430,504
bin_mobile_6.jpg,512,512,mobile,22,128,168,437
bin_mobile_6.jpg,512,512,mobile,165,128,292,417
bin_mobile_6.jpg,512,512,mobile,285,163,393,386
bin_mobile_7.jpg,512,512,mobile,9,70,183,453
bin_mobile_7.jpg,512,512,mobile,182,72,337,454
bin_mobile_7.jpg,512,512,mobile,348,104,503,450
bin_mobile_8.jpg,512,512,mobile,6,50,232,499
bin_mobile_8.jpg,512,512,mobile,273,155,415,380
bin_mobile_8.jpg,512,512,mobile,409,173,486,309
bin_mobile_9.jpg,512,512,mobile,165,56,373,504
bin_stationary_1.jpg,512,512,stationary,75,3,438,512
bin_stationary_10.jpg,512,512,stationary,98,80,412,437
bin_stationary_11.jpg,512,512,stationary,73,52,438,326
bin_stationary_12.jpg,512,512,stationary,50,40,443,325
bin_stationary_13.jpg,512,512,stationary,95,96,440,409
bin_stationary_14.jpg,512,512,stationary,152,82,461,425
bin_stationary_15.jpg,512,512,stationary,78,89,433,420
bin_stationary_16.jpg,512,512,stationary,90,65,432,444
bin_stationary_17.jpg,512,512,stationary,77,34,435,476
bin_stationary_18.jpg,512,512,stationary,83,91,202,455
bin_stationary_18.jpg,512,512,stationary,204,86,318,450
bin_stationary_18.jpg,512,512,stationary,319,86,437,452
bin_stationary_19.jpg,512,512,stationary,191,104,324,405
bin_stationary_2.jpg,512,512,stationary,149,28,359,446
bin_stationary_20.jpg,512,512,stationary,132,80,357,455
bin_stationary_21.jpg,512,512,stationary,134,84,384,425
bin_stationary_22.jpg,512,512,stationary,131,49,378,453
bin_stationary_23.jpg,512,512,stationary,116,60,393,452
bin_stationary_24.jpg,512,512,stationary,128,79,385,430
bin_stationary_25.jpg,512,512,stationary,120,42,415,496
bin_stationary_26.jpg,512,512,stationary,151,94,369,425
bin_stationary_27.jpg,512,512,stationary,120,43,402,410
bin_stationary_28.jpg,512,512,stationary,143,80,372,430
bin_stationary_29.jpg,512,512,stationary,74,94,384,486
bin_stationary_3.jpg,512,512,stationary,50,91,468,418
bin_stationary_30.jpg,512,512,stationary,57,63,365,440
bin_stationary_31.jpg,512,512,stationary,122,58,395,455
bin_stationary_32.jpg,512,512,stationary,109,25,400,490
bin_stationary_33.jpg,512,512,stationary,123,84,398,441
bin_stationary_34.jpg,512,512,stationary,99,13,398,503
bin_stationary_35.jpg,512,512,stationary,101,2,415,512
bin_stationary_36.jpg,512,512,stationary,76,1,438,510
bin_stationary_37.jpg,512,512,stationary,188,285,266,508
bin_stationary_37.jpg,512,512,stationary,268,283,348,506
bin_stationary_38.jpg,512,512,stationary,186,78,376,483
bin_stationary_39.jpg,512,512,stationary,101,28,512,483
bin_stationary_4.jpg,512,512,stationary,91,99,422,436
bin_stationary_40.jpg,512,512,stationary,99,1,412,511
bin_stationary_41.jpg,512,512,stationary,29,1,485,509
bin_stationary_42.jpg,512,512,stationary,59,100,175,434
bin_stationary_42.jpg,512,512,stationary,193,97,299,437
bin_stationary_42.jpg,512,512,stationary,331,69,441,432
bin_stationary_43.jpg,512,512,stationary,111,147,213,457
bin_stationary_43.jpg,512,512,stationary,209,150,306,462
bin_stationary_44.jpg,512,512,stationary,121,91,356,343
bin_stationary_45.jpg,512,512,stationary,44,183,236,433
bin_stationary_45.jpg,512,512,stationary,239,184,434,435
bin_stationary_46.jpg,512,512,stationary,131,53,380,461
bin_stationary_47.jpg,512,512,stationary,151,287,283,510
bin_stationary_47.jpg,512,512,stationary,267,282,416,495
bin_stationary_48.jpg,512,512,stationary,13,6,512,508
bin_stationary_49.jpg,512,512,stationary,16,151,152,346
bin_stationary_49.jpg,512,512,stationary,143,151,265,344
bin_stationary_49.jpg,512,512,stationary,263,153,380,342
bin_stationary_49.jpg,512,512,stationary,382,153,493,343
bin_stationary_5.jpg,512,512,stationary,104,97,413,414
bin_stationary_50.jpg,512,512,stationary,133,39,370,478
bin_stationary_51.jpg,512,512,stationary,69,134,372,450
bin_stationary_52.jpg,512,512,stationary,80,78,195,416
bin_stationary_52.jpg,512,512,stationary,187,82,295,420
bin_stationary_52.jpg,512,512,stationary,287,84,402,430
bin_stationary_53.jpg,512,512,stationary,10,203,127,477
bin_stationary_53.jpg,512,512,stationary,138,201,226,471
bin_stationary_53.jpg,512,512,stationary,263,194,346,467
bin_stationary_53.jpg,512,512,stationary,370,198,473,465
bin_stationary_54.jpg,512,512,stationary,191,228,284,512
bin_stationary_55.jpg,512,512,stationary,143,24,303,500
bin_stationary_56.jpg,512,512,stationary,183,206,366,430
bin_stationary_57.jpg,512,512,stationary,1,97,203,512
bin_stationary_58.jpg,512,512,stationary,139,88,375,423
bin_stationary_59.jpg,512,512,stationary,49,192,164,459
bin_stationary_59.jpg,512,512,stationary,151,192,249,461
bin_stationary_59.jpg,512,512,stationary,244,191,344,458
bin_stationary_59.jpg,512,512,stationary,332,191,443,458
bin_stationary_6.jpg,512,512,stationary,65,72,417,464
bin_stationary_60.jpg,512,512,stationary,126,60,384,452
bin_stationary_61.jpg,512,512,stationary,131,70,381,448
bin_stationary_62.jpg,512,512,stationary,137,2,313,454
bin_stationary_63.jpg,512,512,stationary,85,103,382,399
bin_stationary_64.jpg,512,512,stationary,178,219,275,482
bin_stationary_64.jpg,512,512,stationary,259,220,356,499
bin_stationary_65.jpg,512,512,stationary,56,1,460,512
bin_stationary_66.jpg,512,512,stationary,5,2,452,511
bin_stationary_67.jpg,512,512,stationary,132,86,385,490
bin_stationary_68.jpg,512,512,stationary,129,30,368,475
bin_stationary_69.jpg,512,512,stationary,22,3,223,259
bin_stationary_69.jpg,512,512,stationary,287,1,493,263
bin_stationary_69.jpg,512,512,stationary,20,269,210,511
bin_stationary_69.jpg,512,512,stationary,290,269,480,512
bin_stationary_7.jpg,512,512,stationary,87,43,427,467
bin_stationary_70.jpg,512,512,stationary,156,47,368,464
bin_stationary_71.jpg,512,512,stationary,65,158,179,470
bin_stationary_71.jpg,512,512,stationary,177,156,286,473
bin_stationary_71.jpg,512,512,stationary,288,158,398,473
bin_stationary_72.jpg,512,512,stationary,84,221,186,458
bin_stationary_72.jpg,512,512,stationary,198,211,264,402
bin_stationary_72.jpg,512,512,stationary,298,205,381,394
bin_stationary_72.jpg,512,512,stationary,385,222,502,476
bin_stationary_73.jpg,512,512,stationary,72,171,149,410
bin_stationary_73.jpg,512,512,stationary,162,173,237,406
bin_stationary_73.jpg,512,512,stationary,253,171,324,406
bin_stationary_73.jpg,512,512,stationary,328,173,401,407
bin_stationary_74.jpg,512,512,stationary,59,61,184,424
bin_stationary_74.jpg,512,512,stationary,189,52,307,415
bin_stationary_74.jpg,512,512,stationary,314,50,435,408
bin_stationary_75.jpg,512,512,stationary,59,121,156,429
bin_stationary_75.jpg,512,512,stationary,160,122,257,432
bin_stationary_75.jpg,512,512,stationary,258,122,357,428
bin_stationary_75.jpg,512,512,stationary,355,119,454,430
bin_stationary_76.jpg,512,512,stationary,107,190,187,359
bin_stationary_76.jpg,512,512,stationary,182,191,254,363
bin_stationary_76.jpg,512,512,stationary,254,191,325,364
bin_stationary_76.jpg,512,512,stationary,319,194,400,363
bin_stationary_77.jpg,512,512,stationary,36,78,152,424
bin_stationary_77.jpg,512,512,stationary,149,78,256,427
bin_stationary_77.jpg,512,512,stationary,257,76,362,429
bin_stationary_77.jpg,512,512,stationary,364,82,474,432
bin_stationary_78.jpg,512,512,stationary,35,246,134,379
bin_stationary_78.jpg,512,512,stationary,128,249,200,363
bin_stationary_78.jpg,512,512,stationary,201,249,272,361
bin_stationary_78.jpg,512,512,stationary,271,250,346,363
bin_stationary_78.jpg,512,512,stationary,336,252,421,364
bin_stationary_79.jpg,512,512,stationary,88,262,158,390
bin_stationary_79.jpg,512,512,stationary,150,263,217,389
bin_stationary_79.jpg,512,512,stationary,216,261,275,389
bin_stationary_79.jpg,512,512,stationary,273,260,335,389
bin_stationary_79.jpg,512,512,stationary,329,259,401,390
bin_stationary_79.jpg,512,512,stationary,389,259,462,389
bin_stationary_8.jpg,512,512,stationary,13,48,488,469
bin_stationary_9.jpg,512,512,stationary,126,53,391,473